name,link
prosoitos,https://github.com/prosoitos
florisvdh,https://github.com/florisvdh
katygregg,https://github.com/katygregg
Lvulis,https://github.com/Lvulis
rsbivand,https://github.com/rsbivand
iod-ine,https://github.com/iod-ine
KiranmayiV,https://github.com/KiranmayiV
babayoshihiko,https://github.com/babayoshihiko
cuixueqin,https://github.com/cuixueqin
defuneste,https://github.com/defuneste
zmbc,https://github.com/zmbc
erstearns,https://github.com/erstearns
FlorentBedecarratsNM,https://github.com/FlorentBedecarratsNM
dcooley,https://github.com/dcooley
marcosci,https://github.com/marcosci
appelmar,https://github.com/appelmar
MikeJohnPage,https://github.com/MikeJohnPage
eyesofbambi,https://github.com/eyesofbambi
nickbearman,https://github.com/nickbearman
tyluRp,https://github.com/tyluRp
giocomai,https://github.com/giocomai
KHwong12,https://github.com/KHwong12
LaurieLBaker,https://github.com/LaurieLBaker
MarHer90,https://github.com/MarHer90
mdsumner,https://github.com/mdsumner
pat-s,https://github.com/pat-s
darrellcarvalho,https://github.com/darrellcarvalho
e-clin,https://github.com/e-clin
gisma,https://github.com/gisma
ateucher,https://github.com/ateucher
annakrystalli,https://github.com/annakrystalli
andtheWings,https://github.com/andtheWings
kant,https://github.com/kant
gavinsimpson,https://github.com/gavinsimpson
Himanshuteli,https://github.com/Himanshuteli
yutannihilation,https://github.com/yutannihilation
jimr1603,https://github.com/jimr1603
jbixon13,https://github.com/jbixon13
olyerickson,https://github.com/olyerickson
yvkschaefer,https://github.com/yvkschaefer
katiejolly,https://github.com/katiejolly
kwhkim,https://github.com/kwhkim
layik,https://github.com/layik
mpaulacaldas,https://github.com/mpaulacaldas
mtennekes,https://github.com/mtennekes
mvl22,https://github.com/mvl22
ganes1410,https://github.com/ganes1410
richfitz,https://github.com/richfitz
wdearden,https://github.com/wdearden
yihui,https://github.com/yihui
adambhouston,https://github.com/adambhouston
chihinl,https://github.com/chihinl
cshancock,https://github.com/cshancock
ec-nebi,https://github.com/ec-nebi
gregor-d,https://github.com/gregor-d
jasongrahn,https://github.com/jasongrahn
p-kono,https://github.com/p-kono
pokyah,https://github.com/pokyah
schuetzingit,https://github.com/schuetzingit
sdesabbata,https://github.com/sdesabbata
tim-salabim,https://github.com/tim-salabim
tszberkowitz,https://github.com/tszberkowitz
